id,api_class,years,affected_variables,source_before,source_after,api_rule,interpretation,evidence_dictionary
IC01,Characteristics,1984-1985 -> 1986+,control_code|control,IC1984/85 CONTROL=2 private with profit unspecified,IC1986_A CONTROL=2 private nonprofit,Apply year-specific labels and retain raw code,Do not treat 1984-85 private schools as private nonprofits,https://nces.ed.gov/ipeds/datacenter/data/IC1984_Dict.zip | https://nces.ed.gov/ipeds/datacenter/data/IC1986_A_Dict.zip
IC02,Characteristics,1984-1985 -> 1986+,level_code|level,ICLEVEL=7 unclassified,ICLEVEL=3 less-than-two-year,Map only recognized 1/2/3 levels; preserve 7 as raw code,Early 7 is not a less-than-two-year school,https://nces.ed.gov/ipeds/datacenter/data/IC1984_Dict.zip | https://nces.ed.gov/ipeds/datacenter/data/IC1986_A_Dict.zip
IC03,Characteristics,1986, id|merge_with_char,UNITID 247719 shared by many different schools,No reliable unique UNITID for those records,Return raw rows; refuse ambiguous Characteristics merge,The 1986 file is not uniformly keyed one row per UNITID,https://nces.ed.gov/ipeds/datacenter/data/IC1986_A_Dict.zip
IC04,Characteristics,1992/1993 -> 1998+,hbcu|tribal,Early blank explicitly means no in 1992-94; 1995-97 -1 means missing/nonresponse,From 1998 1=yes and 2=no; -3 not available,Use nullable booleans and retain raw *_code,Historical nonresponse is not zero/no,https://nces.ed.gov/ipeds/datacenter/data/IC1993_A_Dict.zip | https://nces.ed.gov/ipeds/datacenter/data/IC98hdac_Dict.zip
IC05,Characteristics,1995-2004 -> 2005+,locale_code|locale_scheme,Legacy 1-9 urbanization scheme,Urban-centric 11-43 scheme,Retain source code and attach locale_scheme,Do not compare raw LOCALE codes across the 2005 boundary,https://nces.ed.gov/ipeds/datacenter/data/ic9596_A_Dict.zip | https://nces.ed.gov/ipeds/datacenter/data/HD2005_Dict.zip
IC06,Characteristics,2009-2025,longitude|latitude,No header coordinates before 2009,Headers contain LONGITUD and LATITUDE,Older years return missing coordinate fields,Coordinate fields are strings in the current API,https://nces.ed.gov/ipeds/datacenter/data/HD2009_Dict.zip
IC07,Characteristics,2021-2025,carnegie_2021_basic_code,Earlier Carnegie vintages,C21BASIC identifies 2021 Basic classification,Expose a versioned 2021 code only,Do not treat different Carnegie vintages as the same category,https://nces.ed.gov/ipeds/complete-data-files/HD2025_Dict.zip
ADM01,Admissions,2001 -> 2002+,men_enrolled|yield_rate_men|yield_rate_women,ENRLFTM/W and ENRLPTM/W,ENRLM/W totals when supplied,In 2001 sum full-time and part-time within sex before calculating yields,Do not identify admitted applicants as SAT/ACT score submitters,https://nces.ed.gov/ipeds/datacenter/data/IC2001_Dict.zip
ADM02,Admissions,2001-2013 -> 2014+,admissions fields,IC20xx includes admissions questions,ADM20xx separate file,Use year-specific configured endpoints,File naming changed without implying all test-score columns exist annually,https://nces.ed.gov/ipeds/datacenter/data/IC2001_Dict.zip | https://nces.ed.gov/ipeds/complete-data-files/ADM2024_Dict.zip
ADM03,Admissions,2022-2024,tot_applied|tot_admitted|another_gender_applied|gender_unknown_applied,Earlier totals sometimes reconstructed from men+women,ADM2022+ also has supplemental another/unknown gender fields,Use published totals when present and retain supplemental counts without adding them to binary categories,Do not assume binary totals cover all reported genders or that SATPCT means share of admittees,https://nces.ed.gov/ipeds/datacenter/data/ADM2022_Dict.zip | https://nces.ed.gov/ipeds/complete-data-files/ADM2024_Dict.zip
ADM04,Admissions,2001-2015 -> 2016-2021,consider_*_code|consider_*,ADMCON code 1 required 2 recommended 3 neither required nor recommended,ADMCON adds code 5 considered but not required,Preserve the raw code and apply a year-aware label,Policies are not a single invariant ordinal score,https://nces.ed.gov/ipeds/datacenter/data/ADM2015_Dict.zip | https://nces.ed.gov/ipeds/datacenter/data/ADM2016_Dict.zip
ADM05,Admissions,2022-2024,consider_test_scores|consider_essay|consider_legacy,Old required/recommended/neither policy categories,New required/considered-if-submitted/not-considered categories; test optional/blind; essay/work/legacy added,Map 1/5/3 using the 2022+ dictionary; leave unsupported prior-year fields missing,Do not assign modern test-blind meanings to pre-2022 code 3,https://nces.ed.gov/ipeds/datacenter/data/ADM2021_Dict.zip | https://nces.ed.gov/ipeds/datacenter/data/ADM2022_Dict.zip
ADM06,Admissions,2001-2021 -> 2022+,num_submit_sat|num_submit_act|sat_math_50,Submitted-test counts SATNUM/ACTNUM exist across 2001-2024,Score medians and supplemental gender counts enter ADM in 2022,Keep 2001+ counts and 2022+ median fields without filling earlier years,Score submitters are entering students not all applicants or all admittees,https://nces.ed.gov/ipeds/datacenter/data/IC2001_Dict.zip | https://nces.ed.gov/ipeds/datacenter/data/ADM2022_Dict.zip
EF01,Enrollment,1984-1985 -> 1986+,studentlevel|counts,Undergraduate FT/PT LINE=1 and 15,Undergraduate FT/PT LINE=8 and 22,Select the year-specific total student lines then sum by institution,Do not sum the whole source file (subtotals duplicate students),https://nces.ed.gov/ipeds/datacenter/data/EF1984_Dict.zip | https://nces.ed.gov/ipeds/datacenter/data/EF1986_A_Dict.zip
EF02,Enrollment,1984-2024,studentlevel|grad counts,Graduate and first-professional LINE definitions change across 1984-2009,Modern LINE=11 and 25,Apply year-specific grad_rules from cleaners.py,Graduate populations are not guaranteed to be definitionally identical across years,https://nces.ed.gov/ipeds/datacenter/data/EF1984_Dict.zip | https://nces.ed.gov/ipeds/complete-data-files/EF2024A_Dict.zip
EF03,Enrollment,late 2000s-2011,race/sex fields,Older EFRACE## categories and Asian/Pacific grouping,Modern EFTOTL/EFWHITM/EFASIAM etc,Choose one naming regime per file before aggregation,Historical race categories are not an exact crosswalk for later categories,https://nces.ed.gov/ipeds/datacenter/data/EF2008A_Dict.zip | https://nces.ed.gov/ipeds/datacenter/data/EF2011A_Dict.zip
DIST01,DistanceEnrollment,2012-2024,student_level|exclusive_distance|some_distance|no_distance,EF-A fall totals without a distance indicator,Separate EF*_A_DIST with EFDELEV rows and EFDEEXC/EFDESOM/EFDENON,Expose as a separate class and do not sum nested EFDELEV levels,IPEDS distance courses deliver instructional content exclusively at a distance; these are student not course counts,https://nces.ed.gov/ipeds/datacenter/data/EF2012A_DIST_Dict.zip | https://nces.ed.gov/ipeds/complete-data-files/EF2024A_DIST_Dict.zip
DIST02,DistanceEnrollment,2012-2024,exclusive_same_state|exclusive_other_us_state|exclusive_us_state_unknown|exclusive_outside_us|exclusive_location_unknown,EFDEEX1-5 are locations of exclusively distance students,Earlier EF2012A_DIST has trailing whitespace in EFDEEX5 header,Trim raw column names and retain each location with its own X flag,Location fields do not classify some-distance students,https://nces.ed.gov/ipeds/datacenter/data/EF2012A_DIST_Dict.zip | https://nces.ed.gov/ipeds/complete-data-files/EF2024A_DIST_Dict.zip
E12A,TwelveMonthEnrollment,2002-2010 -> 2011+,student_level,First-professional LSTUDY=2 separately reported,First-professional no longer separate from graduate level,Expose first_professional only through 2010,Old grad alone is not comparable to later graduate-including-professional counts,https://nces.ed.gov/ipeds/datacenter/data/EFFY2002_Dict.zip | https://nces.ed.gov/ipeds/datacenter/data/EFFY2011_Dict.zip
E12B,TwelveMonthEnrollment,2002-2007 -> 2008+,asian_pacific|asian|pacific_islander,FYRACE20 combined Asian/Pacific Islander,EFYASIAT and EFYNHPIT separately reported,Preserve combined older column separately; never sum it with later separated columns,These race measures are not the same time series,https://nces.ed.gov/ipeds/datacenter/data/EFFY2002_Dict.zip | https://nces.ed.gov/ipeds/datacenter/data/EFFY2008_Dict.zip
E12C,TwelveMonthEnrollment,2002-2019 -> 2020+,student_level|source_level_code,LSTUDY level rows,Expanded EFFYALEV nested totals and details,Select codes 1/2/12 for total/undergrad/grad rather than sum nested rows,The total row overlaps level rows in student_level=all,https://nces.ed.gov/ipeds/datacenter/data/EFFY2019_Dict.zip | https://nces.ed.gov/ipeds/datacenter/data/EFFY2020_Dict.zip
EFIA01,InstructionalActivity,2002-2003 -> 2004+,ug_estimated_fte|grad_estimated_fte|ug_reported_fte|grad_reported_fte,Early EFIA has UG/graduate credit and UG contact hours but no FTE fields,EFIA2004 adds estimated and reported UG/graduate FTE and ACTTYPE,Keep pre-2004 FTE and ACTTYPE missing; preserve estimated versus reported fields separately,The reported FTE may fall back to NCES estimated FTE if an institution supplies none,https://nces.ed.gov/ipeds/datacenter/data/EFIA2002_Dict.zip | https://nces.ed.gov/ipeds/datacenter/data/EFIA2004_Dict.zip
EFIA02,InstructionalActivity,2012+,professional_practice_reported_fte,No separate doctoral professional-practice FTE field,FTEDPP adds separately reported professional-practice doctoral FTE,Leave earlier FTEDPP missing and do not auto-add it to graduate FTE,Source unit is full-time equivalent rather than a count of awards or people,https://nces.ed.gov/ipeds/datacenter/data/EFIA2011_Dict.zip | https://nces.ed.gov/ipeds/datacenter/data/EFIA2012_Dict.zip
EFIA03,InstructionalActivity,2002-2018 -> 2019+,ug_contact_clock_hours|activity_type|hour_term,CNACTUA described as UG contact hours and ACTTYPE=1 contact,Same CNACTUA described as UG clock hours and ACTTYPE=1 clock,Keep a common source field but label the year's hour terminology explicitly,Do not add this activity to credit hours without a conversion and matched population,https://nces.ed.gov/ipeds/datacenter/data/EFIA2018_Dict.zip | https://nces.ed.gov/ipeds/datacenter/data/EFIA2019_Dict.zip
RET01,Retention,2003-2006 -> 2007+,ft_cohort|pt_cohort|ft_retained|pt_retained,RET_PCF and RET_PCP percentages only,Cohort/exclusions/adjusted/retained source counts added,Keep counts missing before 2007; retain published rate rather than recomputing,Year denotes follow-up fall and cohort_year is prior fall,https://nces.ed.gov/ipeds/datacenter/data/EF2003D_Dict.zip | https://nces.ed.gov/ipeds/datacenter/data/EF2007D_Dict.zip
RET02,Retention,2016+,ft_inclusions|pt_inclusions,Adjusted cohort = cohort - exclusions,Study-abroad inclusions add to adjusted cohort,Keep inclusion fields missing before first recorded 2016,Missing does not mean a recorded zero,https://nces.ed.gov/ipeds/datacenter/data/EF2016D_Dict.zip
TU01,Tuition,2000-2023 -> 2024,in_district_tuition|program_published_tuition_fees,Separate IC*_AY / IC*_PY files,COST1_2024 combined academic and program reporters,Separate reporter using CIPCODE1=-2 for academic in 2024,Current price year is not the earlier prices repeated in a rolling file,https://nces.ed.gov/ipeds/complete-data-files/COST1_2024_Dict.zip
TU02,Tuition,2001,reporter|prices,IC2001_AY and IC2001_PY contain nonreporter rows,Other years generally split the populations,Remove empty AY price rows and PY rows with CIPCODE1=-2,Do not double-count the same institution-year,https://nces.ed.gov/ipeds/datacenter/data/IC2001_AY_Dict.zip | https://nces.ed.gov/ipeds/datacenter/data/IC2001_PY_Dict.zip
TU03,Tuition,2006+,largest_program_tuition_fees_no_ftft,CHG1PY3 is price for entering students,CIPTUIT1 separately prices programs with no FTFT students,Keep the two price populations in separate columns,Do not add tuition and fees to manufacture CHG* published prices,https://nces.ed.gov/ipeds/datacenter/data/IC2006_PY_Dict.zip
SFA01,StudentAid,2002-2007 -> 2008+,ftft_students|ug_students,SCFA1N/SCFA2 for academic or SCFY1N/SCFY2 for program,SCUGFFN/SCUGRAD common cohort fields when present,Choose the matching reporter's denominator,FTFT and all-undergraduate recipients are different populations,https://nces.ed.gov/ipeds/datacenter/data/SFA0102_Dict.zip | https://nces.ed.gov/ipeds/datacenter/data/SFA0708_Dict.zip
SFA02,StudentAid,2008-2009+,ftft_pell_count|ug_pell_count|ftft_grant_total,Early SFA federal/state/institutional grants and loans,FTFT Pell/federal loan breakdowns begin 2008; all-UG aid amounts from 2009,Keep missing earlier years missing and preserve own subgroup denominators,Grant recipient categories can overlap; dollar averages are per recipients not all students,https://nces.ed.gov/ipeds/datacenter/data/SFA0708_Dict.zip | https://nces.ed.gov/ipeds/datacenter/data/SFA0809_Dict.zip
SFA03,StudentAid,2009-2023 -> 2024,ftft_net_price,SFA NPIST2 refers to aid-period average net price,COST2_2024 NPIST2 refers to 2023-24 aid year,Left-join COST2 to SFA for year=2024 without dropping schools,Net price is cost of attendance after qualifying grants; not tuition or a grant payment,https://nces.ed.gov/ipeds/datacenter/data/SFA0809_Dict.zip | https://nces.ed.gov/ipeds/complete-data-files/COST2_2024_Dict.zip
VET01,VeteransAid,2014-2024,ug_post911_count|grad_post911_count|ug_dod_count|grad_dod_count,SFAV is a separate institutional file from SFA,SFAV includes some graduate-only schools absent from SFA,Expose it as VeteransAid instead of joining only to SFA,Benefits are amounts known to institutions rather than every benefit a student receives,https://nces.ed.gov/ipeds/datacenter/data/SFAV1314_Dict.zip | https://nces.ed.gov/ipeds/complete-data-files/SFAV2324_Dict.zip
COM01,Completion,1984-2000 -> 2001+,major_type|all awards by CIP,No MAJORNUM in pre-2001 A files,MAJORNUM=1 first or 2 second from C2001_A onward,Default combines the post-2000 rows and marks earlier major_type unspecified; requested first/second before 2001 raises,Earlier files do not prove that a major is first or second,https://nces.ed.gov/ipeds/datacenter/data/C2000_A_Dict.zip | https://nces.ed.gov/ipeds/datacenter/data/C2001_A_Dict.zip
COM02,Completion,1984-2009 -> 2010+,deglevel=doct,Doctoral AWLEVEL=9,Doctoral award categories AWLEVEL=17-19,Apply year-dependent doctoral filter and sum chosen categories within CIP,These are awards by program and major not distinct people,https://nces.ed.gov/ipeds/datacenter/data/C2009_A_Dict.zip | https://nces.ed.gov/ipeds/datacenter/data/C2010_A_Dict.zip
COM03,Completion|Cip,1984-2025,cip|cip_description,Source CIP versions and code definitions change,C2025_A dictionary uses CIP 2020 classification,Attach code labels by cip AND year rather than CIP alone,Year-specific label matching is not a cross-version CIP crosswalk,https://nces.ed.gov/ipeds/complete-data-files/C2025_A_Dict.zip
PEO01,Completers,2012-2025,total_completers|source_table,C*_B gives one unduplicated institution total,C*_C counts distinct people within each AWLEVELC,Use B for all awards or C for award-level and age measures,Do not sum C levels into B or combine with CIP awards from C*_A,https://nces.ed.gov/ipeds/datacenter/data/C2012_B_Dict.zip | https://nces.ed.gov/ipeds/datacenter/data/C2012_C_Dict.zip
PEO02,Completers,2012-2019 -> 2020+,award_level|award_level_code,Certificate shorter than one year uses AWLEVELC=1,Certificates split into less-than-12-weeks=11 and 12-weeks-to-one-year=12,Preserve raw and normalized code with year-specific readable labels,One short-certificate code is not an invariant award category,https://nces.ed.gov/ipeds/datacenter/data/C2012_C_Dict.zip | https://nces.ed.gov/ipeds/datacenter/data/C2020_C_Dict.zip
GR01,Graduation,2000-2024,gradrate_*|*_graduated,GRTYPE 8 cohort / 9 bachelor completers; 29/30 associate,Same GR rows filtered by SECTION=2/4 and CHRTSTAT=12/13,Pivot cohort/graduate counts and compute rate at 150% of normal time,Graduation cohort/status year is not annual awards or FTFT retention year,https://nces.ed.gov/ipeds/complete-data-files/GR2024_Dict.zip
GR20001,Graduation200,2008 -> 2009+,collection_phase|year,GR200_08 supplemental collection,GR200_09 onward standard series,Mark 2008 supplemental and preserve raw published rates,GR200 status cohorts differ from the same-year 150% Graduation cohorts,https://nces.ed.gov/ipeds/datacenter/data/GR200_08_Dict.zip | https://nces.ed.gov/ipeds/datacenter/data/GR200_09_Dict.zip
GR20002,Graduation200,2008-2024,cohort_type|cohort_year|rate_100|rate_150|rate_200,Bachelor BA* cohort year=year-8,Less-than-four-year L4* cohort year=year-4,Use appropriate source family and both adjusted denominators; do not recompute reported rates,The less-than-four-year group includes certificates and is not synonymous with associate degrees,https://nces.ed.gov/ipeds/complete-data-files/GR200_24_Dict.zip
GR20003,Graduation200,2011-2024,still_enrolled|completed_150_to_200|adjusted_cohort_200,Earlier GR200 files have no BASTEND/L4STEND,From 2011 still-enrolled data exists; raw incremental flags are XBANC20A/XL4NC20A,Keep earlier still_enrolled missing and use additional exclusions for 200% cohort,Completed_150_to_200 is incremental while completed_200 is cumulative; published 2014 BAGR100 has an outlier 196,https://nces.ed.gov/ipeds/datacenter/data/GR200_08_Dict.zip | https://nces.ed.gov/ipeds/datacenter/data/GR200_11_Dict.zip
OM01,OutcomeMeasures,2015-2016 -> 2017+,source_cohort_code|schema_version|pell_group,OMCHRT=1-4 identifies only four FT/PT first/non-first entrant groups,OMCHRT=10-52 adds overall totals and Pell/non-Pell subgroups,Map codes by reporting year and label early Pell as not_collected,Overall and Pell subgroup rows overlap their totals and must not be summed,https://nces.ed.gov/ipeds/datacenter/data/OM2015_Dict.zip | https://nces.ed.gov/ipeds/datacenter/data/OM2017_Dict.zip
OM02,OutcomeMeasures,2015-2016 -> 2017+,adjusted_cohort_6|adjusted_cohort_8|adjusted_cohort|awards_4,Initial OM has separate six/eight-year adjusted cohort fields and no four-year outcomes,2017+ has common revised/excluded/adjusted fields and 4/6/8-year outcome measures,Expose both source schemas in distinct columns; earlier unavailable measures remain missing,OMAWDP6/8 are published percentages not rates recomputed against a substituted modern denominator,https://nces.ed.gov/ipeds/datacenter/data/OM2016_Dict.zip | https://nces.ed.gov/ipeds/datacenter/data/OM2017_Dict.zip
OM03,OutcomeMeasures,2015 -> 2016+,inconsistency_flag|revised_cohort_8,OM2015 has OMFLAG for inconsistencies and OMRCHT8 for revised cohort at eight years,OM2016 has no OMFLAG or OMRCHT8; 2017 redesign changes denominator,Preserve OMFLAG in 2015 and missing in later years without manufacturing 2016 OMRCHT8,The 2015 file itself notes reported data inconsistencies,https://nces.ed.gov/ipeds/datacenter/data/OM2015_Dict.zip | https://nces.ed.gov/ipeds/datacenter/data/OM2016_Dict.zip
OM04,OutcomeMeasures,2017-2024,certificate_*|associate_*|bachelor_*|enrollment_unknown_8_pct,Initial six/eight-year awards lack award-type counts and OMENRUP,Expanded OM has highest-award category at 4/6/8 years and unknown-enrollment percentage at eight years,Keep source counts and NCES percentages without deriving student-level awards elsewhere,A subsequent enrollment elsewhere is not evidence of an award at that other institution,https://nces.ed.gov/ipeds/datacenter/data/OM2017_Dict.zip | https://nces.ed.gov/ipeds/complete-data-files/OM2024_Dict.zip
HR01,HumanResources,pre-2012 -> 2012+,occupation_code|category_code|salary_regime,Older S/SAL occupational and contract categories,Modern 2010-SOC-based EAP/S*_OC/IS/SIS/NH and SAL*_IS/NIS,Start modern seven-family API in 2012 and retain raw codes plus year-specific labels,NCES says the SOC transition loses some occupation trend comparability,https://nces.ed.gov/ipeds/datacenter/data/SAL2011_A_Dict.zip | https://nces.ed.gov/ipeds/datacenter/data/S2012_OC_Dict.zip
HR02,HumanResources,2012-2015 -> 2016+,equated_9_month_salary_men|equated_9_month_salary_women|salary_regime,No explicit nine-month-equivalent salary average in SAL2012-15; weighted months information,SAL2016+ gives SAEQ9AM/W and separate month-specific counts/outlays/averages,Leave earlier equated averages missing and mark the salary regime,Do not splice pre-2016 salary months into a 2016+ nine-month-equivalent trend,https://nces.ed.gov/ipeds/datacenter/data/SAL2012_IS_Dict.zip | https://nces.ed.gov/ipeds/datacenter/data/SAL2016_IS_Dict.zip
HR03,HumanResources,2012-2017 -> 2018+,hire_window_months|hire_period_start_year|people_total,Four-month July 1-October 31 new-hire window,Previous November 1-current October 31 twelve-month window,Preserve each source count and report its 4/12-month exposure,An increase in raw hire count across 2018 is not necessarily an employment trend,https://nces.ed.gov/ipeds/datacenter/data/S2017_NH_Dict.zip | https://nces.ed.gov/ipeds/datacenter/data/S2018_NH_Dict.zip
HR04,HumanResources,2012-2015 -> 2016+,occupation_label|faculty_status_label|category_label,Older combined library/education-services and non-tenure contract classifications,Later occupational splits and multi-year versus indefinite non-tenure distinctions,Retain category and occupation codes with year-specific NCES labels,Identical high-level labels or numeric codes do not establish a longitudinal one-to-one occupation crosswalk,https://nces.ed.gov/ipeds/datacenter/data/S2012_OC_Dict.zip | https://nces.ed.gov/ipeds/datacenter/data/S2016_OC_Dict.zip
HR05,HumanResources,2016-2017 -> 2018+,average_months_men|months_worked_men,Salary files include SAAVMN* and SAMNTH* alongside equated and contract-specific salaries,Those months-worked fields are absent from SAL2018_IS onward,Return later years missing while retaining direct month-specific averages where reported,Absent monthly fields are not zero months of employment,https://nces.ed.gov/ipeds/datacenter/data/SAL2017_IS_Dict.zip | https://nces.ed.gov/ipeds/datacenter/data/SAL2018_IS_Dict.zip
HR06,HumanResources,2012-2024,staff_count|salary_outlay,SAL*_NIS has wide SANIN##/SANIT## occupation pairs,One long row per occupation code01-14 in API,Keep both count/outlay and preserve overlapping occupation01 total,No source sex breakdown or reported individual salary/median exists in this file,https://nces.ed.gov/ipeds/datacenter/data/SAL2012_NIS_Dict.zip | https://nces.ed.gov/ipeds/complete-data-files/SAL2024_NIS_Dict.zip
FIN01,Finance,pre-2004 -> 2004+,form|accounting_basis|year,Older common-form and F1 to F1A transition files differ,Annual F1A public GASB plus F2 nonprofit/some public FASB plus F3 for-profit FASB,Start curated API at FY2004 and retain the form per row,No direct common-form/GASB/FASB longitudinal crosswalk is assumed,https://nces.ed.gov/ipeds/datacenter/data/F0102_F1A_Dict.zip | https://nces.ed.gov/ipeds/datacenter/data/F0304_F1A_Dict.zip | https://nces.ed.gov/ipeds/datacenter/data/F0304_F2_Dict.zip | https://nces.ed.gov/ipeds/datacenter/data/F0304_F3_Dict.zip
FIN02,Finance,2004-2009 -> 2010+,accounting_regime|net_tuition_fees|total_expenses,Prealigned finance reporting structures,Aligned GASB/FASB form reporting,Label era and preserve source amounts without splicing old and new into an assumed equivalent series,Gross versus net tuition and aid treatment and operating classifications differ by form,https://nces.ed.gov/ipeds/datacenter/data/F0708_F1A_Dict.zip | https://nces.ed.gov/ipeds/datacenter/data/F0910_F1A_Dict.zip
FIN03,Finance,2013 -> 2014+,instruction_expenses|functional_expenses|total_expenses,F3 has F3B02 statement expenses without functional F3E011/F3E071,F3 adds functional expense and instruction amounts,Keep pre-2014 F3 functional amounts missing and never substitute F3B02 for F3E071,F3B02 and F3E071 sometimes differ even when both are reported,https://nces.ed.gov/ipeds/datacenter/data/F1213_F3_Dict.zip | https://nces.ed.gov/ipeds/datacenter/data/F1314_F3_Dict.zip | https://nces.ed.gov/ipeds/complete-data-files/F2324_F3_Dict.zip
FIN04,Finance,2013 -> 2014+,accounting_regime|total_assets,F3 form before the 2014-15 collection redesign,F3 revised balance-sheet reporting from FY2014,Mark F3-specific accounting era from fiscal 2014,Collection year 2014-15 refers to FY2014 finance rather than FY2015,https://nces.ed.gov/ipeds/datacenter/data/F1213_F3_Dict.zip | https://nces.ed.gov/ipeds/datacenter/data/F1314_F3_Dict.zip
FIN05,Finance,2019 -> 2020+,pell_discounts,No F1E12/F2C12/F3C12 detailed Pell discount totals,All three forms collect Pell-funded discounts and allowances,Leave pre-2020 values and flags missing instead of zero,Pell grants can be pass-through or discounts depending on accounting treatment,https://nces.ed.gov/ipeds/datacenter/data/F1819_F1A_Dict.zip | https://nces.ed.gov/ipeds/datacenter/data/F1920_F1A_Dict.zip | https://nces.ed.gov/ipeds/datacenter/data/F1920_F2_Dict.zip | https://nces.ed.gov/ipeds/datacenter/data/F1920_F3_Dict.zip
